	0.0	1.0	accuracy	macro avg	weighted avg
precision	0.7142857142857143	0.42857142857142855	0.5714285714285714	0.5714285714285714	0.6122448979591837
recall	0.5555555555555556	0.6	0.5714285714285714	0.5777777777777777	0.5714285714285714
f1-score	0.6250000000000001	0.5	0.5714285714285714	0.5625	0.5803571428571429
support	9.0	5.0	0.5714285714285714	14.0	14.0
