	0.0	1.0	accuracy	macro avg	weighted avg
precision	0.42857142857142855	0.14285714285714285	0.2857142857142857	0.2857142857142857	0.32653061224489793
recall	0.3333333333333333	0.2	0.2857142857142857	0.26666666666666666	0.2857142857142857
f1-score	0.375	0.16666666666666666	0.2857142857142857	0.2708333333333333	0.3005952380952381
support	9.0	5.0	0.2857142857142857	14.0	14.0
