	0.0	1.0	3.0	accuracy	macro avg	weighted avg
precision	0.8823529411764706	0.25	0.029411764705882353	0.3050847457627119	0.38725490196078427	0.7784147557328016
recall	0.3	0.2857142857142857	0.5	0.3050847457627119	0.3619047619047619	0.3050847457627119
f1-score	0.44776119402985076	0.26666666666666666	0.05555555555555555	0.3050847457627119	0.256661138750691	0.4129802962588189
support	50.0	7.0	2.0	0.3050847457627119	59.0	59.0
