	0.0	1.0	3.0	accuracy	macro avg	weighted avg
precision	0.9375	0.2	0.037037037037037035	0.3541666666666667	0.39151234567901233	0.8538869598765433
recall	0.3488372093023256	0.3333333333333333	0.5	0.3541666666666667	0.3940568475452196	0.3541666666666667
f1-score	0.5084745762711865	0.25	0.06896551724137931	0.3541666666666667	0.27581336450418864	0.4740070377946621
support	43.0	3.0	2.0	0.3541666666666667	48.0	48.0
