	0.0	1.0	accuracy	macro avg	weighted avg
precision	0.8666666666666667	0.35714285714285715	0.5348837209302325	0.611904761904762	0.7244739756367663
recall	0.41935483870967744	0.8333333333333334	0.5348837209302325	0.6263440860215054	0.5348837209302325
f1-score	0.5652173913043478	0.5	0.5348837209302325	0.5326086956521738	0.5470171890798786
support	31.0	12.0	0.5348837209302325	43.0	43.0
