feature	RF_importance
DLK_1	0.8708884266130841
DKK1	0.1291115733869158
